"","mutation","freq","pango_matches"
"1","~240T",1,"207140"
"2","~2831G",1,"3"
"3","~3036T",1,"214177"
"4","~5385G",0.987012987012987,"0"
"5","-65123",0.844155844155844,"0"
"6","~8392A",1,"0"
"7","~10028T",1,"52668"
"8","~10448A",1,"3"
"9","-112829",0.844155844155844,"0"
"10","~11536G",1,"50"
"11","~13194C",1,"23"
"12","~14407T",1,"213956"
"13","~15239T",1,"508"
"14","~18162G",1,"1"
"15","~21761T",0.948051948051948,"231"
"16","-217646",0.792207792207792,"0"
"17","-219869",0.545454545454545,"0"
"18","~22131A",0.012987012987013,"23"
"19","~22577A",0.974025974025974,"27"
"20","~22672C",0.974025974025974,"4"
"21","~22673T",0.974025974025974,"1"
"22","~22678C",0.974025974025974,"5"
"23","~22685T",0.87012987012987,"4"
"24","~22812T",0.961038961038961,"414"
"25","~22881G",0.974025974025974,"59"
"26","~22897A",0.974025974025974,"12"
"27","~22991A",0.896103896103896,"4016"
"28","~22994A",0.896103896103896,"61041"
"29","~23012C",0.896103896103896,"9"
"30","~23039G",0.896103896103896,"4"
"31","~23047A",0.896103896103896,"13"
"32","~23054G",0.896103896103896,"2"
"33","~23062T",0.896103896103896,"49217"
"34","~23074C",0.857142857142857,"4"
"35","~23201A",0.987012987012987,"15"
"36","~23402G",0.987012987012987,"214035"
"37","~23524T",0.987012987012987,"3214"
"38","~23598G",0.987012987012987,"36"
"39","~23603A",0.987012987012987,"47488"
"40","~23853A",0.961038961038961,"9"
"41","~23947T",0.961038961038961,"65"
"42","~24129A",0.961038961038961,"0"
"43","~24423T",0.948051948051948,"0"
"44","~24468A",0.974025974025974,"1"
"45","~24502T",0.935064935064935,"3"
"46","~24999T",0.974025974025974,"380"
"47","~25583T",0.87012987012987,"332"
"48","~26269T",0.961038961038961,"310"
"49","~26529G",0.974025974025974,"210"
"50","~26576G",0.974025974025974,"0"
"51","~26708A",0.974025974025974,"20"
"52","~27258C",0.974025974025974,"2"
"53","~27806T",0.974025974025974,"51"
"54","~28880A",0.74025974025974,"72870"
"55","~28881A",0.74025974025974,"72805"
"56","~28882C",0.74025974025974,"72806"
"57","~5923A",0.12987012987013,"7"
"58","~21845T",0.961038961038961,"38900"
"59","-221933",0.662337662337662,"0"
"60","+22204GAGCCAGAA",0.623376623376623,"0"
"61","~28270T",0.532467532467532,"249"
"62","~28310T",0.597402597402597,"450"
"63","-283619",0.467532467532468,"0"
"64","~25514T",0.025974025974026,"40"
"65","~5729T",0.116883116883117,"313"
"66","~676A",0.012987012987013,"40"
"67","~8142G",0.012987012987013,"1"
"68","~10368T",0.012987012987013,"1017"
"69","~21033T",0.103896103896104,"284"
"70","-219843",0.298701298701299,"0"
"71","-219896",0.298701298701299,"0"
"72","~27526T",0.012987012987013,"315"
"73","~1380G",0.012987012987013,"4"
"74","~19008T",0.012987012987013,"334"
"75","~25509A",0.012987012987013,"1"
"76","~17041G",0.012987012987013,"11"
"77","~20T",0.025974025974026,"137"
"78","~4254A",0.012987012987013,"1325"
"79","~22598A",0.012987012987013,"64"
"80","~9381C",0.012987012987013,"1"
"81","~12762T",0.012987012987013,"77"
"82","~9867C",0.012987012987013,"2"
"83","~3518C",0.012987012987013,"0"
"84","~22426A",0.012987012987013,"192"
"85","~29517T",0.012987012987013,"295"
"86","~27761T",0.025974025974026,"109"
"87","~17824T",0.012987012987013,"35"
"88","~28753T",0.012987012987013,"75"
"89","~1956T",0.012987012987013,"36"
"90","~3318G",0.012987012987013,"4"
"91","~26950T",0.038961038961039,"465"
"92","~28362T",0.012987012987013,"2"
"93","~28364G",0.012987012987013,"25"
"94","~28365G",0.012987012987013,"6"
"95","~9077C",0.012987012987013,"1"
"96","~23500T",0.012987012987013,"61"
"97","~29749T",0.012987012987013,"429"
"98","~12527T",0.012987012987013,"34"
"99","~21753T",0.012987012987013,"10"
"100","~18558T",0.012987012987013,"7"
"101","~19717T",0.012987012987013,"2075"
"102","~13607T",0.012987012987013,"18"
"103","~14292T",0.012987012987013,"13"
"104","~23663T",0.012987012987013,"309"
"105","~20090T",0.012987012987013,"27"
"106","~21769A",0.012987012987013,"35"
"107","~12785T",0.012987012987013,"46"
"108","~5170T",0.012987012987013,"5"
"109","~26734T",0.025974025974026,"6085"
"110","~17325T",0.012987012987013,"22"
"111","~16886T",0.012987012987013,"1823"
