"","mutation","freq","pango_matches","type","pos","alt","label","in.fin"
"1","~5385G",0.98701299,0,"~",5385,"G","~|5386|G",TRUE
"2","-65123",0.84415584,0,"-",6512,"3","-|6513|3",FALSE
"3","~8392A",1,0,"~",8392,"A","~|8393|A",TRUE
"4","-112829",0.84415584,0,"-",11282,"9","-|11283|9",FALSE
"5","-217646",0.79220779,0,"-",21764,"6","-|21765|6",FALSE
"6","-219869",0.54545455,0,"-",21986,"9","-|21987|9",FALSE
"7","~24129A",0.96103896,0,"~",24129,"A","~|24130|A",TRUE
"8","~24423T",0.94805195,0,"~",24423,"T","~|24424|T",FALSE
"9","~26576G",0.97402597,0,"~",26576,"G","~|26577|G",TRUE
"10","-221933",0.66233766,0,"-",22193,"3","-|22194|3",FALSE
"11","+22204GAGCCAGAA",0.62337662,0,"+",22204,"GAGCCAGAA","+|22205|GAGCCAGAA",FALSE
"12","-283619",0.46753247,0,"-",28361,"9","-|28362|9",FALSE
"13","-219843",0.2987013,0,"-",21984,"3","-|21985|3",FALSE
"14","-219896",0.2987013,0,"-",21989,"6","-|21990|6",FALSE
"15","~3518C",0.01298701,0,"~",3518,"C","~|3519|C",FALSE
"16","~18162G",1,1,"~",18162,"G","~|18163|G",TRUE
"17","~22673T",0.97402597,1,"~",22673,"T","~|22674|T",TRUE
"18","~24468A",0.97402597,1,"~",24468,"A","~|24469|A",TRUE
"19","~8142G",0.01298701,1,"~",8142,"G","~|8143|G",FALSE
"20","~25509A",0.01298701,1,"~",25509,"A","~|25510|A",FALSE
"21","~9381C",0.01298701,1,"~",9381,"C","~|9382|C",FALSE
"22","~9077C",0.01298701,1,"~",9077,"C","~|9078|C",FALSE
"23","~23054G",0.8961039,2,"~",23054,"G","~|23055|G",FALSE
"24","~27258C",0.97402597,2,"~",27258,"C","~|27259|C",TRUE
"25","~9867C",0.01298701,2,"~",9867,"C","~|9868|C",FALSE
"26","~28362T",0.01298701,2,"~",28362,"T","~|28363|T",FALSE
"27","~2831G",1,3,"~",2831,"G","~|2832|G",TRUE
"28","~10448A",1,3,"~",10448,"A","~|10449|A",TRUE
"29","~24502T",0.93506494,3,"~",24502,"T","~|24503|T",FALSE
"30","~22672C",0.97402597,4,"~",22672,"C","~|22673|C",TRUE
"31","~22685T",0.87012987,4,"~",22685,"T","~|22686|T",FALSE
"32","~23039G",0.8961039,4,"~",23039,"G","~|23040|G",FALSE
"33","~23074C",0.85714286,4,"~",23074,"C","~|23075|C",FALSE
"34","~1380G",0.01298701,4,"~",1380,"G","~|1381|G",FALSE
"35","~3318G",0.01298701,4,"~",3318,"G","~|3319|G",FALSE
"36","~22678C",0.97402597,5,"~",22678,"C","~|22679|C",FALSE
"37","~5170T",0.01298701,5,"~",5170,"T","~|5171|T",FALSE
"38","~28365G",0.01298701,6,"~",28365,"G","~|28366|G",FALSE
"39","~5923A",0.12987013,7,"~",5923,"A","~|5924|A",FALSE
"40","~18558T",0.01298701,7,"~",18558,"T","~|18559|T",FALSE
"41","~23012C",0.8961039,9,"~",23012,"C","~|23013|C",FALSE
"42","~23853A",0.96103896,9,"~",23853,"A","~|23854|A",FALSE
"43","~21753T",0.01298701,10,"~",21753,"T","~|21754|T",FALSE
"44","~17041G",0.01298701,11,"~",17041,"G","~|17042|G",FALSE
"45","~22897A",0.97402597,12,"~",22897,"A","~|22898|A",TRUE
"46","~23047A",0.8961039,13,"~",23047,"A","~|23048|A",FALSE
"47","~14292T",0.01298701,13,"~",14292,"T","~|14293|T",FALSE
"48","~23201A",0.98701299,15,"~",23201,"A","~|23202|A",TRUE
"49","~13607T",0.01298701,18,"~",13607,"T","~|13608|T",FALSE
"50","~26708A",0.97402597,20,"~",26708,"A","~|26709|A",FALSE
"51","~17325T",0.01298701,22,"~",17325,"T","~|17326|T",FALSE
"52","~13194C",1,23,"~",13194,"C","~|13195|C",TRUE
"53","~22131A",0.01298701,23,"~",22131,"A","~|22132|A",FALSE
"54","~28364G",0.01298701,25,"~",28364,"G","~|28365|G",FALSE
"55","~22577A",0.97402597,27,"~",22577,"A","~|22578|A",TRUE
"56","~20090T",0.01298701,27,"~",20090,"T","~|20091|T",FALSE
"57","~12527T",0.01298701,34,"~",12527,"T","~|12528|T",FALSE
"58","~17824T",0.01298701,35,"~",17824,"T","~|17825|T",FALSE
"59","~21769A",0.01298701,35,"~",21769,"A","~|21770|A",FALSE
"60","~23598G",0.98701299,36,"~",23598,"G","~|23599|G",FALSE
"61","~1956T",0.01298701,36,"~",1956,"T","~|1957|T",FALSE
"62","~25514T",0.02597403,40,"~",25514,"T","~|25515|T",FALSE
"63","~676A",0.01298701,40,"~",676,"A","~|677|A",FALSE
"64","~12785T",0.01298701,46,"~",12785,"T","~|12786|T",FALSE
"65","~11536G",1,50,"~",11536,"G","~|11537|G",TRUE
"66","~27806T",0.97402597,51,"~",27806,"T","~|27807|T",FALSE
"67","~22881G",0.97402597,59,"~",22881,"G","~|22882|G",FALSE
"68","~23500T",0.01298701,61,"~",23500,"T","~|23501|T",FALSE
"69","~22598A",0.01298701,64,"~",22598,"A","~|22599|A",FALSE
"70","~23947T",0.96103896,65,"~",23947,"T","~|23948|T",FALSE
"71","~28753T",0.01298701,75,"~",28753,"T","~|28754|T",FALSE
"72","~12762T",0.01298701,77,"~",12762,"T","~|12763|T",FALSE
"73","~27761T",0.02597403,109,"~",27761,"T","~|27762|T",FALSE
"74","~20T",0.02597403,137,"~",20,"T","~|21|T",FALSE
"75","~22426A",0.01298701,192,"~",22426,"A","~|22427|A",FALSE
"76","~26529G",0.97402597,210,"~",26529,"G","~|26530|G",FALSE
"77","~21761T",0.94805195,231,"~",21761,"T","~|21762|T",FALSE
"78","~28270T",0.53246753,249,"~",28270,"T","~|28271|T",FALSE
"79","~21033T",0.1038961,284,"~",21033,"T","~|21034|T",FALSE
"80","~29517T",0.01298701,295,"~",29517,"T","~|29518|T",FALSE
"81","~23663T",0.01298701,309,"~",23663,"T","~|23664|T",FALSE
"82","~26269T",0.96103896,310,"~",26269,"T","~|26270|T",FALSE
"83","~5729T",0.11688312,313,"~",5729,"T","~|5730|T",FALSE
"84","~27526T",0.01298701,315,"~",27526,"T","~|27527|T",FALSE
"85","~25583T",0.87012987,332,"~",25583,"T","~|25584|T",FALSE
"86","~19008T",0.01298701,334,"~",19008,"T","~|19009|T",FALSE
"87","~24999T",0.97402597,380,"~",24999,"T","~|25000|T",FALSE
"88","~22812T",0.96103896,414,"~",22812,"T","~|22813|T",FALSE
"89","~29749T",0.01298701,429,"~",29749,"T","~|29750|T",FALSE
"90","~28310T",0.5974026,450,"~",28310,"T","~|28311|T",FALSE
"91","~26950T",0.03896104,465,"~",26950,"T","~|26951|T",FALSE
"92","~15239T",1,508,"~",15239,"T","~|15240|T",FALSE
"93","~10368T",0.01298701,1017,"~",10368,"T","~|10369|T",FALSE
"94","~4254A",0.01298701,1325,"~",4254,"A","~|4255|A",FALSE
"95","~16886T",0.01298701,1823,"~",16886,"T","~|16887|T",FALSE
"96","~19717T",0.01298701,2075,"~",19717,"T","~|19718|T",FALSE
"97","~23524T",0.98701299,3214,"~",23524,"T","~|23525|T",FALSE
"98","~22991A",0.8961039,4016,"~",22991,"A","~|22992|A",FALSE
"99","~26734T",0.02597403,6085,"~",26734,"T","~|26735|T",FALSE
"100","~21845T",0.96103896,38900,"~",21845,"T","~|21846|T",FALSE
"101","~23603A",0.98701299,47488,"~",23603,"A","~|23604|A",FALSE
"102","~23062T",0.8961039,49217,"~",23062,"T","~|23063|T",FALSE
"103","~10028T",1,52668,"~",10028,"T","~|10029|T",FALSE
"104","~22994A",0.8961039,61041,"~",22994,"A","~|22995|A",FALSE
"105","~28881A",0.74025974,72805,"~",28881,"A","~|28882|A",FALSE
"106","~28882C",0.74025974,72806,"~",28882,"C","~|28883|C",FALSE
"107","~28880A",0.74025974,72870,"~",28880,"A","~|28881|A",FALSE
"108","~240T",1,207140,"~",240,"T","~|241|T",FALSE
"109","~14407T",1,213956,"~",14407,"T","~|14408|T",FALSE
"110","~23402G",0.98701299,214035,"~",23402,"G","~|23403|G",FALSE
"111","~3036T",1,214177,"~",3036,"T","~|3037|T",FALSE
